rohan123,rohan123,Rohan,rohan@gmail.com,123 Main St,123-456-7890

rahul456,rahul456,Rahul,rahul@gmail.com,456 Elm St, 456-789-1230

palavi789,palavi789,Palavi,palavi@gmail.com,789 Oak St,789-123-4560

ram123,ram123,Ram,ram@gmail.com,new street,79098767677

sara123,sara123,sara,sara@gmail.com,mahavir enclave,908866968780

Krish123,krish223,Krish,Krish@gmail.com,3rd way,908-890-0000



aditya,aditya,aditya,aditya,aditya,aditya

iop,ioo,iopiop,iop,iop,89090
